{"modelling":{"id":"2bb44409af8faf725df5b0c9b0726db735bbf6c9","trg_seq":"FEDIRAIYKGEVFKCVVLCVAYGVALLHIYIYPELFNVEIAAPEDIPDNELHNFHHGWTSMAVVFLIEALTVSLKVICTWHEPQ-AAQILAQKLEGNIGALFAEYFIVGMTYIIMGYNMMPVFIEARTGRRVYVVRYMAWLVDACGLISLDCHCLFDRSFAEARITFVWAVAYILFGLWSAVSSSWLWHWIFLSCAWLTFGLTCLKLLHFLWIDPYPRE--PFNNALVKPAILTFIIVWWVLYGILFMVAFQAPEIMPQHVEQLLWTVMDVIMKLSHTVILIAWRE","tpl_seq":"-----QVARDEGRRCLLMCVAFAIAIAHLYIYPALFGVRIVDQAEVPAEERTYFHHGWTAMLVIFFIEGVTVFLK-VCSTRKTRWLEKAVLQKLDGNIGVLIGEYIVVAATYIIMGANLIPVFER--SGRRVYAVRYMEWTIDACGLVYLDCRILFGMPFSKFRMLLVYSVLYMLFGLWAALASTWMWYAIFLSASWFFFGLVCYYYWTFHRQN--PSPLQQFGRAPIKQAILVFVIVWWVLYGVLFMLCFQAPDVVPQWLEQLLWTGMDVVMKLSHTVVLMAWRE","pdb_id":"template_upload","chain":"A","method":"Unknown","short_method":"Unknown","coverage":0.96466434,"resolution":-1.0,"description":"Polypeptide","seq_sim":0.4691084325,"assembly_id":1,"score":1.7585396767,"pred_lddt":0.4409399033,"seq_id":52.747253418,"found_by":"HHblits","oligo_state":"monomer","comment":"e_value=1.5e-40, p_value=5.3e-42, score=279.8, ss_score=29.4, prob=100, gmqe_dist_const=0.4950813055038452, gmqe_reduced=0.24146541953086853, gmqe_cb_packing=0.18189652264118195, gmqe_torsion=0.3403354585170746, gmqe_ss_agreement=0.5364989638328552, gmqe_coverage=0.9646643400192261, gmqe_seq_id=52.74725341796875, gmqe_seq_sim=0.4691086709499359, gmqe_n_insertions=3, gmqe_n_deletions=2, gmqe_seqres_length=283, gmqe_seqres_coverage=0.9646643109540636, gmqe_profile_aln_score=279.8, gmqe_avg_entropy=0.8655494451522827","offset":6,"starttime":"28-07-21 (16:58:21)","QMean":{"global_scores":{"qmean4_norm_score":0.5467941651,"qmean4_z_score":-5.636511479,"qmean6_norm_score":0.5418749265,"qmean6_z_score":-5.0831785416,"interaction_norm_score":-0.0180036223,"interaction_z_score":-1.2231679268,"cbeta_norm_score":0.0045831269,"cbeta_z_score":-4.5016693558,"packing_norm_score":-0.3326226001,"packing_z_score":-0.6495689502,"torsion_norm_score":0.2211773132,"torsion_z_score":-4.9595388436,"ss_agreement_norm_score":0.5495756766,"ss_agreement_z_score":-0.8020456115,"acc_agreement_norm_score":0.5647482014,"acc_agreement_z_score":-1.0889983047,"avg_local_score":0.4549341568,"avg_local_score_error":0.051},"local_scores":{"A":[null,null,null,null,null,0.2780288424,0.2973890491,0.3241608491,0.3601141725,0.441136754,0.4850528765,0.5273779977,0.4790047255,0.5561367231,0.6240970641,0.5981528093,0.5893685263,0.6090941048,0.6380815908,0.6041454563,0.6470747087,0.5993859772,0.6452006124,0.6073841164,0.655751751,0.5797268058,0.5495131072,0.5200215957,0.506637903,0.4324693051,0.4256806414,0.3651859852,0.3862685478,0.3690666889,0.3283114599,0.3165000185,0.2529792076,0.2677179464,0.277183541,0.2804175283,0.3172794704,0.2986007179,0.3322013349,0.3454873049,0.3264051345,0.416620811,0.3845947659,0.3468341997,0.3351237432,0.3533882074,0.3460174565,0.3085271624,0.3534015207,0.3103303795,0.3048590537,0.3202615094,0.4176608101,0.3383860468,0.4585485202,0.4555515759,0.4123484707,0.4904639775,0.5353708889,0.4807392839,0.4263150277,0.4951281895,0.4868362803,0.4373067108,0.5230509476,0.4806365413,0.4603605602,0.4375752131,0.4184855246,0.415032153,0.3775671151,0.4505552437,0.3879647535,0.359313178,0.3714834376,0.3165250414,0.3430033014,0.3180969253,0.3079578616,0.3493608773,0.3074891836,0.2832767707,0.2938403565,0.3118988467,0.4788581403,0.5176842446,0.4922527311,0.3392229676,0.3090151839,0.2784583649,0.3273185225,0.3422318809,0.3363257022,0.3578374061,0.4569871636,0.4339935847,0.3447978138,0.4487003614,0.4429298877,0.4073777533,0.370205012,0.4302156742,0.5160339786,0.5082927337,0.4082106236,0.4797638033,0.4417567402,0.4469342557,0.4376308961,0.3697018515,0.4076589821,0.3423186816,0.374092292,0.3132804043,0.2911031217,0.3481020117,0.3960810497,0.3542041708,0.3538924916,0.3253432944,0.3375056388,0.3203700598,0.3867803737,0.4342561397,0.3691107281,0.3990704316,0.4422102047,0.4079370269,0.4440932741,0.4681550281,0.484744487,0.5266495312,0.4359047894,0.5676644646,0.5611372499,0.5759037367,0.564137558,0.5998209776,0.6666836245,0.5916649282,0.6159553852,0.54105383,0.5729402085,0.5041464918,0.4573798123,0.5071641063,0.5838534646,0.3898263291,0.4547468485,0.464653515,0.4566021451,0.4471612847,0.4185155917,0.4008993201,0.4006961442,0.5935107066,0.5492693956,0.646583636,0.5495563251,0.6687020383,0.6862931249,0.5737425592,0.6671477216,0.5203550382,0.6607475133,0.5873307993,0.6209761764,0.5393617954,0.5993040396,0.549068548,0.5205513292,0.6209107916,0.49995219,0.443166598,0.4995733128,0.5627943397,0.4721515619,0.4057721154,0.4464931812,0.3861662353,0.3165801127,0.2832919075,0.2758205956,0.3532981311,0.277486275,0.551610684,0.5226828457,0.5808411925,0.6304236334,0.6985676537,0.673989155,0.4893947272,0.6522010214,0.6647835271,0.6324466239,0.6343039025,0.5968551249,0.6204197447,0.6105721791,0.5506947271,0.5529598569,0.5675250246,0.5023286309,0.4991845257,0.4821338834,0.4572556932,0.3436938068,0.423284156,0.3247340945,0.3293195044,0.4188287038,0.4496692622,0.4441517969,0.4716739241,0.3958894077,0.2895250478,0.2979164858,0.2449892028,0.3094730786,0.3847748532,0.4428335228,0.4722851691,0.5190979341,0.5222211836,0.4536769861,0.5293286705,0.5911062699,0.4515276282,0.5420756746,0.5899622821,0.6083152396,0.461526812,0.481238855,0.5784674479,0.5300594909,0.4904864448,0.5536310044,0.5404971803,0.5356149132,0.495118581,0.5305198851,0.5317690331,0.4778315803,0.3736515393,0.3250149324,0.3667498886,0.3589827165,0.2742130875,0.3789321336,0.3469816087,0.45477692,0.365227839,0.3516930784,0.4750731404,0.3813745797,0.4765071337,0.4582557864,0.5534899055,0.4731788985,0.537724831,0.5418863148,0.5493920266,0.5799261039,0.5466496349,0.4879074119,0.4826488491,0.5458780252,0.5344872522,0.5771909348,0.4674008409,0.5061759495,0.5260808419,0.4806945469,0.4250655151,0.4201994762,0.4949530834,0.3580693425,0.2990662582,0.2918577076]},"qmean_version":"4.2.0",