{"modelling":{"id":"889ccafe40955a96500cce9a421c7fefb9abd5f9","trg_seq":"ESLDMAEAINIYKIEALKCGGLVLAFAVALGHLYVYSTFFDIATCNTDTIPDLELRFFHHGWSAMLTIFLVEFCAMGLKVLCTLRSPVLAVAVARKFEGNIGVLFGEYIVVGATYVIMACNLIQVFVEDRTGRRVYGVRYMEWTVDVTGLVYLDCHILFGRPWQQFYVAVILSVAYMMFGLWSAIAPSWTLYWVFLAASWIAFFVVCWILIRFLHQDTNPVQPF-RAGVKPGILAFIIAWWILYGVVFMVAF--AELMSQETEQLLWTGMDVVMKLSHTVVLMAWRA","tpl_seq":"---------QVARDEGRRCLLMCVAFAIAIAHLYIYPALFGVRIVDQAEVPAEERTYFHHGWTAMLVIFFIEGVTVFLKVCSTRKTRWLEKAVLQKLDGNIGVLIGEYIVVAATYIIMGANLIPVF--ERSGRRVYAVRYMEWTIDACGLVYLDCRILFGMPFSKFRMLLVYSVLYMLFGLWAALASTWMWYAIFLSASWFFFGLVCYYYWTFHRQNPSPLQQFGRAPIKQAILVFVIVWWVLYGVLFMLCFQAPDVVPQWLEQLLWTGMDVVMKLSHTVVLMAWR-","pdb_id":"template_upload","chain":"A","method":"Unknown","short_method":"Unknown","coverage":0.9577465057,"resolution":-1.0,"description":"Polypeptide","seq_sim":0.4644604921,"assembly_id":1,"score":1.7355724573,"pred_lddt":0.3816504776,"seq_id":54.0441169739,"found_by":"BLAST","oligo_state":"monomer","comment":"e_value=4.249e-101, bit_score=289.271, score=739, gmqe_dist_const=0.4104660451412201, gmqe_reduced=0.21374104917049408, gmqe_cb_packing=0.20287154614925385, gmqe_torsion=0.35561537742614746, gmqe_ss_agreement=0.5761301517486572, gmqe_coverage=0.9577465057373047, gmqe_seq_id=54.04411697387695, gmqe_seq_sim=0.4644607901573181, gmqe_n_insertions=1, gmqe_n_deletions=2, gmqe_seqres_length=284, gmqe_seqres_coverage=0.9577464788732394, gmqe_profile_aln_score=319.0865478515625, gmqe_avg_entropy=1.4182275533676147","offset":6,"starttime":"28-07-21 (16:58:02)","QMean":{"global_scores":{"qmean4_norm_score":0.5245130035,"qmean4_z_score":-6.1771729312,"qmean6_norm_score":0.5253952103,"qmean6_z_score":-5.4354326158,"interaction_norm_score":-0.0209613482,"interaction_z_score":-0.5836589005,"cbeta_norm_score":0.0076650526,"cbeta_z_score":-5.2152436812,"packing_norm_score":-0.2935698814,"packing_z_score":-1.3041027651,"torsion_norm_score":0.2464838136,"torsion_z_score":-5.1181946163,"ss_agreement_norm_score":0.5708298525,"ss_agreement_z_score":-0.607042747,"acc_agreement_norm_score":0.5583941606,"acc_agreement_z_score":-1.1504996734,"avg_local_score":0.4696983826,"avg_local_score_error":0.05},"local_scores":{"A":[null,null,null,null,null,null,null,null,null,0.3477144682,0.383276545,0.4167679778,0.4764570632,0.497497445,0.529469144,0.5849988351,0.539647317,0.5682717925,0.604976071,0.6034800139,0.5914633061,0.5833451987,0.5850499116,0.5208197027,0.5736745587,0.5466830629,0.5662098432,0.5330663249,0.5738332857,0.5148121168,0.5255047634,0.4774599079,0.4629965064,0.4183062217,0.4739374175,0.3970462712,0.4060326101,0.3962721605,0.3357938018,0.3356934558,0.3455184379,0.3715599446,0.4356226088,0.384686461,0.4108676167,0.3945348758,0.3993302327,0.3780482032,0.3856781295,0.3551048781,0.3811825295,0.3721880779,0.3865814159,0.4533544426,0.4575159638,0.4506976673,0.4977353688,0.4957218603,0.503116766,0.498607961,0.5437465438,0.4738480088,0.5077377464,0.541362428,0.5331079342,0.5274827279,0.5215864821,0.5420011515,0.5407079017,0.5204923253,0.5504714672,0.5150102465,0.5138221363,0.5486551511,0.5560911099,0.4966557319,0.5194085211,0.4707978229,0.4693620073,0.4752171724,0.3893492958,0.3982150885,0.3975165007,0.3493808173,0.3142534586,0.3910862303,0.4104097093,0.4747243511,0.4542884255,0.5136721495,0.5254998582,0.5727946299,0.5525786131,0.557587086,0.4739678538,0.5221361254,0.5017174251,0.3688644008,0.3931989202,0.457195247,0.3724269871,0.3803476319,0.4539393987,0.4128861231,0.3398238171,0.4592171904,0.4087195941,0.4053559999,0.3867916079,0.3965497911,0.4745592433,0.5128311091,0.4739462843,0.4491891093,0.4753317189,0.5527641279,0.4454798091,0.3630834219,0.3851487763,0.3635908071,0.315412893,0.2784353454,0.2757485403,0.3059242378,0.3981691253,0.3264768038,0.3871074008,0.3256016142,0.3442816814,0.3287968234,0.4184050273,0.4316235462,0.3474116092,0.3870758193,0.4283802857,0.3908425155,0.4538544344,0.4249224052,0.4262284462,0.4458637882,0.384038183,0.4310283864,0.4901323548,0.5171934843,0.5104814043,0.4923591512,0.6119915449,0.3479197604,0.388879746,0.48036878,0.3694968415,0.3321404125,0.4306521635,0.5108153083,0.4607722483,0.3602660957,0.4874445496,0.5070881952,0.4359480761,0.5270373857,0.4296269216,0.3997984638,0.3517312691,0.5387500337,0.5621855636,0.5527560919,0.5985166007,0.636589931,0.654080499,0.6015497357,0.6182697428,0.6222708158,0.5846863431,0.5945566356,0.6046178486,0.5771330648,0.5692407325,0.5440316397,0.5311973315,0.6096994552,0.4523993986,0.4310440018,0.5188122817,0.551877904,0.4368408958,0.4699269182,0.4831876374,0.4222101397,0.3341665012,0.3279075212,0.3475169017,0.3779146516,0.271182077,0.600557222,0.544685828,0.6067827852,0.6833468601,0.6894592047,0.6425302582,0.5065451276,0.6819766303,0.672003407,0.619228851,0.5844885917,0.592577413,0.5933273632,0.5828417489,0.4604514974,0.5312011489,0.5605534063,0.501043537,0.4643357025,0.4941141115,0.5156061842,0.3793114422,0.4894170076,0.4536572997,0.5036675871,0.5044476999,0.4362025975,0.4260374627,0.3705334487,0.3033982234,0.3274489341,0.2734560447,0.3473502986,0.4632661879,0.4358034132,0.4854058623,0.5025257687,0.5241920255,0.4649525258,0.5180555041,0.5901107311,0.4232065339,0.5078471439,0.5550515905,0.6058072379,0.4329957818,0.4693594991,0.5712379227,0.5236841212,0.4626606115,0.5398455689,0.5629675893,0.571488076,0.4672952157,0.5311677345,0.5239792414,0.4810129499,0.3036909871,0.3665995709,0.2910173228,0.426654336,0.3853378657,0.4731909665,0.3663329747,0.3558157624,0.4708598767,0.4231725333,0.4829459349,0.5109087476,0.5357248116,0.4317489158,0.5498539008,0.5345466397,0.5341572428,0.4840717558,0.5219322075,0.4812735267,0.4680323266,0.5076502915,0.5028133435,0.5372819283,0.450239646,0.4501073245,0.5110363556,0.5211901923,0.4115257548,0.3794187314,0.4867465074,0.3311813959,0.3047075474,null]},"qmean_version":"4.2.0",